,Image,F1,Jaccard,Recall,Precision
0,833.png,0.9289617486338798,0.8673469387755102,0.897887323943662,0.9622641509433962
1,2069.png,0.8794726930320151,0.7848739495798319,0.9936170212765958,0.7888513513513513
2,3038.png,0.6882477128782547,0.5246781115879828,0.7616822429906542,0.6277278562259306
3,1169.png,0.9444444444444444,0.8947368421052632,0.8976293103448276,0.9964114832535885
4,501.png,0.9572901325478645,0.9180790960451978,0.9572901325478645,0.9572901325478645
5,31.png,0.962962962962963,0.9285714285714286,0.9326837909654562,0.995274102079395
6,2242.png,0.8895899053627759,0.8011363636363636,0.9513253012048193,0.8353787558188743
7,1014.png,0.9485179407176286,0.9020771513353115,0.9020771513353115,1.0
8,1322.png,0.9252077562326869,0.8608247422680413,0.8835978835978836,0.9709302325581395
9,1779.png,0.8972204266321913,0.813599062133646,0.910761154855643,0.8840764331210191
10,1217.png,0.9696000000000001,0.9409937888198758,0.9711538461538461,0.9680511182108626
11,1956.png,0.9293308317698562,0.8679906542056075,0.8679906542056075,1.0
12,108.png,0.9724154473494844,0.9463118580765639,0.9574870099196977,0.9878167641325536
13,1258.png,0.9645868465430016,0.9315960912052117,0.9727891156462585,0.9565217391304348
14,571.png,0.9684741488020175,0.9388753056234719,0.9552238805970149,0.9820971867007673
15,1888.png,0.0,0.0,0.0,0.0
16,35.png,0.9280000000000002,0.8656716417910447,0.943089430894309,0.9133858267716536
17,2162.png,0.867745004757374,0.7663865546218488,0.9681528662420382,0.7862068965517242
18,2582.png,0.9561567164179103,0.9159964253798034,0.9884281581485053,0.9259259259259259
19,1279.png,0.5301069217782779,0.36064318529862177,0.3617511520737327,0.991578947368421
20,749.png,0.8663081060315022,0.7641477465266011,0.8379784466740988,0.8966202783300199
21,2122.png,0.09295639674173456,0.04874371859296482,0.06043613707165109,0.2012448132780083
22,2928.png,0.9116651277316097,0.8376696832579186,0.9367488931056294,0.8878896882494005
23,74.png,0.9789610873207968,0.9587892049598833,0.9813363195222098,0.9765973254086181
24,788.png,0.8736395009291213,0.7756304501531935,0.7793038124556003,0.9939595288432498
25,707.png,0.9757412398921833,0.9526315789473684,0.9705093833780161,0.981029810298103
26,1678.png,0.9549019607843137,0.9136960600375235,0.960552268244576,0.949317738791423
27,909.png,0.8898592916060165,0.8015734265734266,0.804915514592934,0.9948467588825604
28,218.png,0.8545288197621226,0.7460063897763578,0.9810924369747899,0.7568881685575365
29,2046.png,0.918859649122807,0.8498985801217038,0.9017216642754663,0.936661698956781
30,3.png,0.9668300037693177,0.935789857716162,0.9671945701357466,0.96646571213263
31,1270.png,0.653061224489796,0.48484848484848486,0.7547169811320755,0.5755395683453237
32,573.png,0.9418181818181818,0.8900343642611683,0.9676214196762142,0.9173553719008265
33,861.png,0.1729482212046495,0.09465972623867361,0.09465972623867361,1.0
34,2463.png,0.2878727634194831,0.1681374825824431,0.9917808219178083,0.16837209302325581
35,1326.png,0.873972602739726,0.7761557177615572,0.7837837837837838,0.9876160990712074
36,528.png,0.9383770591824283,0.8839080459770114,0.9961139896373057,0.8869665513264129
37,461.png,0.8870056497175142,0.7969543147208121,0.8971428571428571,0.8770949720670391
38,803.png,0.69141689373297,0.5283706402915148,0.589773387565369,0.8353909465020576
39,1392.png,0.9658886894075404,0.9340277777777778,0.9764065335753176,0.955595026642984
40,298.png,0.9227941176470588,0.856655290102389,0.9261992619926199,0.9194139194139194
41,3005.png,0.7620709714950552,0.6156015037593985,0.9618208516886931,0.6310211946050096
42,1239.png,0.9249011857707511,0.8602941176470589,0.8954081632653061,0.9564032697547684
43,2839.png,0.0,0.0,0.0,0.0
44,2605.png,0.7275015733165513,0.5717111770524234,0.9863481228668942,0.576271186440678
45,1529.png,0.9366391184573003,0.8808290155440415,0.9695817490494296,0.9058614564831261
46,574.png,0.9394304051343763,0.8857791225416036,0.9965957446808511,0.8884673748103187
47,2574.png,0.9228176609369734,0.8566958698372966,0.940893470790378,0.9054232804232805
48,1702.png,0.9020332717190387,0.8215488215488216,0.991869918699187,0.8271186440677966
49,1732.png,0.9379432624113475,0.8831385642737897,0.9924953095684803,0.8890756302521008
50,1266.png,0.0,0.0,0.0,0.0
51,1808.png,0.7005444646098005,0.5391061452513967,1.0,0.5391061452513967
52,1085.png,0.7167785234899329,0.5585774058577406,0.5585774058577406,1.0
53,653.png,0.9797453703703703,0.9602949517867272,0.9786127167630058,0.9808806488991889
54,2791.png,0.5682513205448986,0.39689320388349514,0.39797507788161995,0.9931972789115646
55,1187.png,0.9495764421137555,0.9039938556067588,0.9095826893353941,0.9932489451476794
56,2744.png,0.7450746268656717,0.5937202664129401,0.6459627329192547,0.8801128349788434
57,1023.png,0.9298043728423474,0.8688172043010752,0.8773072747014115,0.988984088127295
58,1667.png,0.896551724137931,0.8125,0.8125,1.0
59,904.png,0.946611909650924,0.898635477582846,0.9989165763813651,0.8995121951219512
60,701.png,0.9625578460244005,0.9278183292781833,0.9354047424366312,0.9913344887348353
61,381.png,0.908816880180859,0.8328729281767956,0.9663461538461539,0.8577524893314367
62,478.png,0.0,0.0,0.0,0.0
63,1354.png,0.9538690476190477,0.9118065433854907,0.9816232771822359,0.9276410998552822
64,2701.png,0.9523141654978962,0.9089692101740294,0.9107981220657277,0.9977957384276267
65,1689.png,0.8951965065502183,0.8102766798418972,0.9057437407952872,0.8848920863309353
66,2672.png,0.7345718556480888,0.580492743840702,0.581081081081081,0.9982588508415554
67,2524.png,0.7928496319663512,0.6567944250871081,0.6708185053380783,0.9691516709511568
68,2026.png,0.0,0.0,0.0,0.0
69,2356.png,0.8813160987074031,0.7878151260504201,0.9378349410503751,0.831222292590247
70,527.png,0.9230769230769232,0.8571428571428571,0.9960474308300395,0.8600682593856656
71,1142.png,0.9299867899603699,0.8691358024691358,0.9943502824858758,0.8734491315136477
72,1562.png,0.8119079837618403,0.683371298405467,0.9900990099009901,0.6880733944954128
73,1668.png,0.9289617486338798,0.8673469387755102,0.8947368421052632,0.9659090909090909
74,1837.png,0.9600938967136149,0.9232505643340858,0.9843561973525873,0.9369988545246277
75,294.png,0.946376811594203,0.8982118294360385,0.9107391910739191,0.9849170437405732
76,2157.png,0.29098360655737704,0.17026378896882494,0.17026378896882494,1.0
77,2528.png,0.921181001283697,0.8538791051880057,0.949708840656432,0.8943170488534397
78,2527.png,0.6947693665857427,0.5322962461954683,0.5342837746096402,0.9930599369085173
79,2075.png,0.7834456207892205,0.6439873417721519,0.7391600454029512,0.8333759918095726
80,2322.png,0.8513513513513514,0.7411764705882353,0.7411764705882353,1.0
81,3034.png,0.8280711429753205,0.7065882352941176,0.7074204946996466,0.9983377659574468
82,1851.png,0.840534171249018,0.7249322493224932,0.8081570996978852,0.8756137479541735
83,676.png,0.9546178343949044,0.9131759329779132,0.9166666666666666,0.9958471760797342
84,1818.png,0.8900634249471459,0.8019047619047619,0.9767981438515081,0.8174757281553398
85,2906.png,0.0,0.0,0.0,0.0
86,1840.png,0.8443649373881933,0.7306501547987616,0.9957805907172996,0.7329192546583851
87,560.png,0.41834547792541793,0.26449864498644987,0.26449864498644987,1.0
88,1337.png,0.8579234972677596,0.7511961722488039,0.9978813559322034,0.7523961661341853
89,1384.png,0.8004722550177096,0.6673228346456693,1.0,0.6673228346456693
90,2936.png,0.9031250000000001,0.8233618233618234,0.9262820512820513,0.8810975609756098
91,1579.png,0.9379727685325264,0.8831908831908832,0.9872611464968153,0.8933717579250721
92,678.png,0.9488752556237218,0.9027237354085603,0.9055425448868072,0.9965635738831615
93,555.png,0.9602272727272727,0.9234972677595629,0.9602272727272727,0.9602272727272727
94,1885.png,0.8857142857142857,0.7948717948717948,0.9234042553191489,0.8509803921568627
95,2471.png,0.48679033164699276,0.32169390787518576,1.0,0.32169390787518576
96,1769.png,0.9654811715481171,0.9332659251769464,0.9564766839378238,0.9746568109820486
97,1720.png,0.8823529411764706,0.7894736842105263,0.9016393442622951,0.8638743455497382
98,2465.png,0.7580157289776165,0.6103263516804676,0.998406374501992,0.6109215017064846
99,2255.png,0.2441008950366151,0.13901760889712697,0.1391465677179963,0.9933774834437086
100,1960.png,0.0,0.0,0.0,0.0
101,21.png,0.9417098445595855,0.8898408812729498,0.9891156462585035,0.8986402966625463
102,26.png,0.9262086513994912,0.8625592417061612,0.9837837837837838,0.875
103,2405.png,0.8853279919879821,0.7942497753818508,0.8117539026629935,0.973568281938326
104,335.png,0.905289052890529,0.8269662921348314,0.8421052631578947,0.9787234042553191
105,893.png,0.9278131634819533,0.8653465346534653,0.9732739420935412,0.8864097363083164
106,2606.png,0.7468648397584766,0.5959970348406227,0.7465181058495822,0.7472118959107806
107,11.png,0.9668367346938775,0.9358024691358025,0.9831387808041504,0.9510664993726474
108,2980.png,0.9493914157591288,0.9036585365853659,0.9285714285714286,0.9711664482306684
109,3011.png,0.7866419294990724,0.6483180428134556,0.7969924812030075,0.7765567765567766
110,717.png,0.6467413864674139,0.47791411042944787,0.48041936478569225,0.9892063492063492
111,277.png,0.9829545454545454,0.9664804469273743,0.9817150063051703,0.984197218710493
112,2979.png,0.9560789306174411,0.9158536585365854,0.9317617866004962,0.9816993464052287
113,2275.png,0.8671679197994988,0.7654867256637168,0.7664556962025316,0.998351195383347
114,1866.png,0.5400254129606099,0.3698868581375109,0.3698868581375109,1.0
115,1344.png,0.939443535188216,0.8858024691358025,0.9318181818181818,0.9471947194719472
116,2137.png,0.8211120064464142,0.696514012303486,0.8731790916880892,0.7749049429657795
117,2072.png,0.7534643893006767,0.6044467425025853,0.9645214521452146,0.6181914331041777
118,1137.png,0.9168241965973534,0.8464223385689355,0.855379188712522,0.9877800407331976
119,1906.png,0.9493509798931025,0.9035852713178295,0.9703433922996878,0.9292476332835077
120,1495.png,0.9544924154025671,0.9129464285714286,0.960093896713615,0.9489559164733179
121,694.png,0.8708081363386475,0.7711781888997079,0.9020501138952164,0.8416578108395324
122,336.png,0.9684115523465704,0.9387576552930884,0.9529307282415631,0.9844036697247707
123,1560.png,0.9229144667370645,0.8568627450980392,0.9820224719101124,0.8705179282868526
124,1546.png,0.9500741473059812,0.9048964218455744,0.994824016563147,0.9091769157994324
125,1969.png,0.7796610169491525,0.6388888888888888,0.9964871194379391,0.6403310759969902
126,2459.png,0.9607028753993611,0.9243774976944359,0.9659492451011885,0.9555131871623769
127,587.png,0.9741800418702022,0.9496598639455782,0.9707927677329624,0.9775910364145658
128,2662.png,0.7320981472208312,0.5774091627172195,0.5833998403830806,0.9825268817204301
129,2930.png,0.7557427258805514,0.6073846153846154,0.9989878542510121,0.6077586206896551
130,943.png,0.956195244055069,0.9160671462829736,0.9271844660194175,0.9870801033591732
131,1794.png,0.9184290030211479,0.8491620111731844,0.8587570621468926,0.987012987012987
132,3043.png,0.3903281519861831,0.24248927038626608,1.0,0.24248927038626608
133,2380.png,0.9425590915093095,0.8913586413586414,0.9181888345767945,0.9682582745523602
134,126.png,0.9478991596638655,0.9009584664536742,0.9791666666666666,0.9185667752442996
135,1147.png,0.9146341463414634,0.8426966292134831,0.989010989010989,0.8506616257088847
136,1883.png,0.8517745302713986,0.7418181818181818,0.7546239210850801,0.9776357827476039
137,2176.png,0.8523614726664187,0.7427090084251459,0.9002356637863315,0.809322033898305
138,2304.png,0.819760710150521,0.6945716154349247,0.6973079448456992,0.9943820224719101
139,369.png,0.9123649459783915,0.8388520971302428,0.852017937219731,0.9819121447028424
140,2228.png,0.26303854875283444,0.1514360313315927,0.15466666666666667,0.8787878787878788
141,2114.png,0.9422028353326064,0.8907216494845361,0.9766390354182366,0.9101123595505618
142,451.png,0.9485834207764953,0.9021956087824351,0.904,0.9977924944812362
143,1916.png,0.7225130890052355,0.5655737704918032,0.5655737704918032,1.0
144,2349.png,0.047058823529411764,0.024096385542168676,0.024096385542168676,1.0
145,2530.png,0.37547892720306514,0.23113207547169812,0.43439716312056736,0.33063427800269907
146,1419.png,0.9485179407176286,0.9020771513353115,0.990228013029316,0.9101796407185628
147,86.png,0.9159322033898305,0.8449030644152595,0.9775687409551375,0.8616071428571429
148,2725.png,0.8775213142025369,0.7817710263060392,0.9407044137316094,0.8222915042868277
149,1013.png,0.8983606557377048,0.8154761904761905,0.9133333333333333,0.8838709677419355
150,777.png,0.791983413959917,0.6556064073226545,0.8939157566302652,0.7109181141439206
151,2995.png,0.7356675644478645,0.5818624467437614,0.7913907284768212,0.6872753414809489
152,2992.png,0.9573968466957397,0.9182754182754183,0.9677856900644286,0.9472286757384667
153,1968.png,0.9029057406094969,0.8229974160206718,0.8684389911383776,0.9402214022140222
154,1191.png,0.902418682235196,0.8221884498480243,0.9185059422750425,0.8868852459016393
155,2956.png,0.9089683074848279,0.8331273176761433,0.9132791327913279,0.9046979865771813
156,2187.png,0.9162210338680927,0.8453947368421053,0.9846743295019157,0.8566666666666667
157,2248.png,0.8674999999999999,0.7660044150110376,0.7815315315315315,0.9747191011235955
158,1452.png,0.9365244536940688,0.8806262230919765,0.9090909090909091,0.9656652360515021
159,2525.png,0.8296682817741335,0.7089171974522293,0.7967072297780959,0.8654743390357699
160,1108.png,0.8057901085645355,0.6747474747474748,0.8308457711442786,0.7822014051522248
161,2787.png,0.8714107365792759,0.7721238938053098,0.8725,0.8703241895261845
162,602.png,0.8520432127759512,0.7422258592471358,0.7428337428337428,0.998898678414097
163,227.png,0.8142414860681115,0.6866840731070496,0.9704797047970479,0.7013333333333334
164,1567.png,0.9560117302052785,0.9157303370786517,0.9532163742690059,0.9588235294117647
165,1076.png,0.08637236084452973,0.04513540621865597,0.046948356807511735,0.5389221556886228
166,2565.png,0.8134391355731891,0.6855435401252135,0.6968469771478161,0.9768856447688564
167,1075.png,0.0,0.0,0.0,0.0
168,824.png,0.22459059007018456,0.12650073206442167,0.12650073206442167,1.0
169,2543.png,0.9191090269636577,0.8503253796095445,1.0,0.8503253796095445
170,460.png,0.9600665557404325,0.9232,0.9428104575163399,0.9779661016949153
171,1751.png,0.9351145038167938,0.8781362007168458,0.9423076923076923,0.928030303030303
172,1390.png,0.9285714285714286,0.8666666666666667,0.8748317631224765,0.989345509893455
173,754.png,0.6462809917355372,0.47741147741147744,0.480049109883364,0.988621997471555
174,117.png,0.5529536987759447,0.3821257815373299,0.3955081842405786,0.918656056587091
175,941.png,0.8850855745721271,0.793859649122807,0.9250425894378195,0.8484375
176,347.png,0.9588045234248789,0.9208688906128782,0.9511217948717948,0.9666123778501629
177,247.png,0.9107763615295482,0.8361702127659575,0.9800498753117207,0.8506493506493507
178,837.png,0.6636500754147813,0.4966139954853273,0.502283105022831,0.9777777777777777
179,1225.png,0.8491228070175438,0.7378048780487805,0.7707006369426752,0.9453125
180,1428.png,0.9668449197860963,0.9358178053830227,0.9535864978902954,0.9804772234273319
181,2926.png,0.07987220447284345,0.04159733777038269,0.04655493482309125,0.2808988764044944
182,1774.png,0.9053968253968255,0.8271461716937355,0.9727148703956344,0.8467933491686461
183,2107.png,0.9113924050632911,0.8372093023255814,0.8876712328767123,0.9364161849710982
184,552.png,0.9134241245136187,0.8406445837063563,0.9700413223140496,0.8630514705882353
185,925.png,0.9613601236476044,0.9255952380952381,0.9510703363914373,0.971875
186,284.png,0.031007751937984496,0.015748031496062992,0.015748031496062992,1.0
187,2780.png,0.0,0.0,0.0,0.0
188,860.png,0.7273543943704148,0.5715294117647058,0.5742316784869976,0.9918334013883218
189,375.png,0.9781566329248801,0.9572471324296142,0.9832202784719742,0.9731448763250884
190,834.png,0.8834399431414357,0.7912157861234882,0.8878571428571429,0.879066478076379
191,2642.png,0.0,0.0,0.0,0.0
192,1375.png,0.8041237113402061,0.6724137931034483,1.0,0.6724137931034483
193,681.png,0.9774436090225564,0.9558823529411765,0.9786053882725833,0.9762845849802372
194,384.png,0.9705381056732407,0.9427625354777672,0.9925298804780877,0.9494997617913292
195,2154.png,0.0,0.0,0.0,0.0
196,1657.png,0.9329446064139941,0.8743169398907104,0.9937888198757764,0.8791208791208791
197,69.png,0.9463276836158192,0.8981233243967829,0.9925925925925926,0.9041835357624831
198,1568.png,0.8912579957356076,0.8038461538461539,0.9675925925925926,0.8260869565217391
199,222.png,0.9755644911846582,0.9522946859903382,0.9680785758133824,0.9831670822942643
200,269.png,0.9009640666082384,0.8197767145135566,0.967984934086629,0.8426229508196721
201,3041.png,0.0,0.0,0.0,0.0
202,1043.png,0.9085714285714286,0.8324607329842932,0.8514056224899599,0.9739663093415007
203,2479.png,0.8610421836228288,0.7559912854030502,0.8897435897435897,0.8341346153846154
204,2550.png,0.14285714285714288,0.07692307692307693,0.10825688073394496,0.2099644128113879
205,393.png,0.0,0.0,0.0,0.0
206,110.png,0.7885952712100138,0.6509758897818599,0.7222929936305732,0.8683001531393568
207,3033.png,0.5182347532945144,0.349741468459152,0.3545816733067729,0.9624359704040979
208,2233.png,0.4587813620071684,0.29767441860465116,0.6470092670598147,0.35539102267468764
209,2965.png,0.2604006163328197,0.14968999114260406,0.15102770330652368,0.9441340782122905
210,581.png,0.9767621998450813,0.9545798637395913,0.9913522012578616,0.9625954198473282
211,1089.png,0.8281938325991189,0.706766917293233,0.7114474929044465,0.9907773386034255
212,2627.png,0.0,0.0,0.0,0.0
213,1411.png,0.9559322033898305,0.9155844155844156,0.9559322033898305,0.9559322033898305
214,244.png,0.9645184648805213,0.9314685314685315,0.9555236728837877,0.9736842105263158
215,2609.png,0.306320907617504,0.18086124401913875,0.18086124401913875,1.0
216,855.png,0.8615695520377231,0.7568047337278107,0.9274836838288615,0.8044025157232705
217,2909.png,0.8897485493230174,0.8013937282229965,0.8443465491923642,0.9403107113654947
218,1207.png,0.9067524115755626,0.8294117647058824,0.8650306748466258,0.9527027027027027
219,2593.png,0.9282346778418019,0.8660801564027371,0.9068577277379734,0.9506437768240343
220,184.png,0.757455268389662,0.6096,0.8964705882352941,0.6557659208261618
221,2060.png,0.0,0.0,0.0,0.0
222,159.png,0.945235834124723,0.8961584633853541,0.9267535692116697,0.9644702842377261
223,512.png,0.9775367931835787,0.956060606060606,0.9643402954661233,0.9910994764397906
224,2732.png,0.6191950464396284,0.4484304932735426,0.5263157894736842,0.7518796992481203
225,2994.png,0.0,0.0,0.0,0.0
226,2394.png,0.5251125736058191,0.35603569751056835,0.4533492822966507,0.6238683127572017
227,1420.png,0.9161290322580644,0.8452380952380952,0.8658536585365854,0.9726027397260274
228,1814.png,0.8231173380035026,0.6994047619047619,0.9832635983263598,0.7078313253012049
229,782.png,0.9282296650717703,0.8660714285714286,0.986244019138756,0.8766613503455609
230,1437.png,0.8852637302882002,0.7941463414634147,0.996328029375765,0.7964774951076321
231,2300.png,0.621773288439955,0.4511400651465798,1.0,0.4511400651465798
232,2801.png,0.8795216741405082,0.7849519743863393,0.9932478055367995,0.7891630901287554
233,2418.png,0.8964589870013446,0.8123476848090982,0.8149959250203749,0.9960159362549801
234,1955.png,0.7108927108927108,0.5514612452350699,0.5521628498727735,0.9977011494252873
235,1342.png,0.9363295880149812,0.8802816901408451,0.8877840909090909,0.9904912836767037
236,1585.png,0.9379576107899809,0.8831640058055152,0.9412219644238206,0.934715821812596
237,6.png,0.8812561334641806,0.787719298245614,0.8046594982078853,0.9739696312364425
238,718.png,0.7096491228070176,0.5499660095173351,0.5625869262865091,0.9608076009501187
239,437.png,0.9313432835820895,0.8715083798882681,0.9512195121951219,0.9122807017543859
240,1792.png,0.5333333333333333,0.36363636363636365,0.9333333333333333,0.37333333333333335
241,1681.png,0.9495472186287193,0.9039408866995073,0.939820742637644,0.9594771241830066
242,750.png,0.7698993595608415,0.6258832279657865,0.6377415687760515,0.9711482977495672
243,1826.png,0.9295865633074936,0.8684369342184671,0.9510905485789821,0.9090334807327859
244,2061.png,0.8644222020018197,0.7612179487179487,0.7648953301127214,0.9937238493723849
245,2858.png,0.9167822468793343,0.8463508322663252,0.8529032258064516,0.9910044977511244
246,2101.png,0.43369734789391573,0.27689243027888444,0.683046683046683,0.3177142857142857
247,1006.png,0.9169859514687101,0.8466981132075472,0.9065656565656566,0.9276485788113695
248,2808.png,0.6278688524590164,0.45758661887694146,1.0,0.45758661887694146
249,1803.png,0.3313609467455621,0.19858156028368795,0.19858156028368795,1.0
250,1491.png,0.886021505376344,0.7953667953667953,0.976303317535545,0.8110236220472441
251,3012.png,0.0,0.0,0.0,0.0
252,2566.png,0.6796116504854368,0.5147058823529411,0.5147058823529411,1.0
253,841.png,0.9385908209437621,0.8842874543239951,0.9850746268656716,0.8962962962962963
254,2922.png,0.9212022745735173,0.8539156626506024,0.9935747663551402,0.8586572438162544
255,2359.png,0.8111282843894899,0.6822672906916276,0.7818831942789034,0.8426461143224149
256,1304.png,0.9012345679012346,0.8202247191011236,0.8984615384615384,0.9040247678018576
257,1063.png,0.8934092758340113,0.8073529411764706,0.8133333333333334,0.9909747292418772
258,769.png,0.8903225806451613,0.8023255813953488,0.9474959612277868,0.8396564065855404
259,2246.png,0.710232158211522,0.5506666666666666,0.9116997792494481,0.5816901408450704
260,2362.png,0.18269230769230768,0.10052910052910052,0.10052910052910052,1.0
261,550.png,0.9186351706036746,0.8495145631067961,0.875,0.9668508287292817
262,2878.png,0.767306573589296,0.6224634261444077,0.700477960701009,0.8482315112540193
263,1021.png,0.8517241379310344,0.7417417417417418,0.7929373996789727,0.9199255121042831
264,197.png,0.8018713450292397,0.6692698164779383,0.6864237084501401,0.9640044994375703
265,1274.png,0.9469790382244142,0.8992974238875878,0.9795918367346939,0.9164677804295943
266,915.png,0.742676622630672,0.5906806761078118,0.6050538137576041,0.9613382899628253
267,2360.png,0.5773348098929494,0.4058121432278153,0.4943109987357775,0.6938775510204082
268,1553.png,0.8235294117647057,0.7,0.7129629629629629,0.9746835443037974
269,2262.png,0.9584208315833683,0.9201612903225806,0.9653130287648054,0.9516263552960801
270,2096.png,0.769722814498934,0.6256499133448874,0.6311188811188811,0.9863387978142076
271,2385.png,0.894919168591224,0.8098223615464994,0.8098223615464994,1.0
272,2073.png,0.5172101449275363,0.3488087965791081,0.39639014231169734,0.7439739413680782
273,979.png,0.8625592417061613,0.7583333333333333,0.7777777777777778,0.9680851063829787
274,1658.png,0.8421052631578947,0.7272727272727273,0.7428571428571429,0.9719626168224299
275,864.png,0.7108723837747731,0.5514367816091954,0.5514367816091954,1.0
276,2571.png,0.8585178055822906,0.7521079258010118,0.7521079258010118,1.0
277,1269.png,0.9100529100529101,0.8349514563106796,0.9247311827956989,0.8958333333333334
278,985.png,0.4392059553349876,0.28139904610492844,0.4585492227979275,0.42142857142857143
279,847.png,0.9260237780713342,0.8622386223862238,0.8665018541409147,0.9943262411347518
280,1218.png,0.8367346938775511,0.7192982456140351,0.8631578947368421,0.8118811881188119
281,926.png,0.930888575458392,0.8707124010554089,0.9763313609467456,0.889487870619946
282,2029.png,0.887920298879203,0.7984322508398656,0.8642424242424243,0.912932138284251
283,559.png,0.9136904761904762,0.8410958904109589,0.8480662983425414,0.9903225806451613
284,16.png,0.8997289972899729,0.8177339901477833,0.9325842696629213,0.8691099476439791
285,1972.png,0.592077831827658,0.420533070088845,0.46405228758169936,0.817658349328215
286,2837.png,0.0,0.0,0.0,0.0
287,1050.png,0.9263097294185378,0.8627345844504022,0.8725596529284165,0.9871165644171779
288,2971.png,0.7221095334685598,0.5650793650793651,0.5682362330407024,0.9902642559109874
289,1988.png,0.10250569476082004,0.05402160864345738,0.10180995475113122,0.10321100917431193
290,949.png,0.8885672937771346,0.7994791666666666,0.8623595505617978,0.9164179104477612
291,2633.png,0.0,0.0,0.0,0.0
292,1410.png,0.7808471454880294,0.6404833836858006,0.668769716088328,0.9380530973451328
293,1118.png,0.9143426294820716,0.8422018348623853,0.9956616052060737,0.8453038674033149
294,1185.png,0.9801829268292682,0.9611360239162929,0.9691032403918614,0.9915188897455667
295,1726.png,0.9362400375058604,0.880123402379903,0.9980009995002499,0.8816777041942605
296,880.png,0.6933867735470941,0.5306748466257669,0.9829545454545454,0.5356037151702786
297,2951.png,0.962428359159414,0.9275777414075287,0.9843682153712549,0.9414451827242525
298,2269.png,0.0,0.0,0.0,0.0
299,1555.png,0.8704965920155794,0.7706896551724138,1.0,0.7706896551724138
300,2968.png,0.9173814898419865,0.8473728106755629,0.9442379182156134,0.8920105355575065
301,948.png,0.8535031847133758,0.7444444444444445,0.7540192926045016,0.9832285115303984
302,262.png,0.9289740698985344,0.8673684210526316,0.9331823329558324,0.9248035914702581
303,2090.png,0.8232362560348855,0.6995764955002647,0.7743920304717258,0.878656914893617
304,2285.png,0.20553359683794467,0.1145374449339207,0.11533586818757921,0.9430051813471503
305,1262.png,0.5675430643699003,0.3962025316455696,1.0,0.3962025316455696
306,2098.png,0.0,0.0,0.0,0.0
307,1662.png,0.8875,0.797752808988764,1.0,0.797752808988764
308,1739.png,0.9426591052299936,0.8915375446960667,0.9986648865153538,0.8926014319809069
309,557.png,0.7696629213483146,0.6255707762557078,0.6844296419650291,0.879144385026738
310,2718.png,0.8683304647160068,0.7673003802281368,0.8137096774193548,0.9308118081180812
311,2172.png,0.23519458544839258,0.1332694151486098,0.1332694151486098,1.0
312,2729.png,0.8904109589041096,0.8024691358024691,0.8024691358024691,1.0
313,361.png,0.931129476584022,0.8711340206185567,0.8765560165975104,0.9929494712103408
314,2647.png,0.0,0.0,0.0,0.0
315,2489.png,0.8947274986685602,0.8095085126887247,0.8123791102514507,0.9956538917423943
316,822.png,0.9162861491628616,0.8455056179775281,0.86,0.9804560260586319
317,2305.png,0.7881533101045296,0.6503737780333525,0.6649029982363316,0.9674935842600513
318,2655.png,0.7550644567219152,0.606508875739645,0.606508875739645,1.0
319,2957.png,0.9035498995311454,0.8240684178375076,0.9882783882783883,0.8322023442319556
320,1194.png,0.8707280832095097,0.7710526315789473,0.8371428571428572,0.9071207430340558
321,2198.png,0.9279921356598673,0.8656579550664832,0.9309664694280079,0.9250367466927977
322,2497.png,0.0,0.0,0.0,0.0
323,1867.png,0.9318057828696126,0.8723186925434117,0.8758974358974358,0.9953379953379954
324,2345.png,0.8877663772691398,0.7981833664490491,0.9679862306368331,0.8198250728862974
325,1561.png,0.9194097616345063,0.8508403361344538,0.995085995085995,0.8544303797468354
326,3035.png,0.9287356321839081,0.8669527896995708,0.8953900709219859,0.9646609360076409
327,2789.png,0.7724335965541996,0.6292397660818714,0.6380077082715684,0.9786266484765803
328,593.png,0.9597215315763302,0.9225621414913958,0.9225621414913958,1.0
329,2190.png,0.8677953890489913,0.7664651606745148,0.7768461786520477,0.9828641370869033
330,12.png,0.9739795918367348,0.9492789656887121,0.9927197087883516,0.9559339008512769
331,580.png,0.9712272460364063,0.9440639269406392,0.9706572769953051,0.9717978848413631
332,2006.png,0.6311226701343736,0.461051298290057,0.49122807017543857,0.8824242424242424
333,1902.png,0.7569737106160946,0.6089764288020665,0.8449820788530465,0.6855688840421665
334,2825.png,0.9023485784919655,0.8220720720720721,0.9431524547803618,0.8649289099526066
335,730.png,0.9068592057761733,0.8295904887714664,0.9804839968774395,0.8435191403626595
336,3010.png,0.5063879210220673,0.3390357698289269,0.34169278996865204,0.9775784753363229
337,1616.png,0.9108910891089108,0.8363636363636363,0.9787234042553191,0.8518518518518519
338,1590.png,0.8588957055214724,0.7526881720430108,0.9459459459459459,0.7865168539325843
339,1087.png,0.0,0.0,0.0,0.0
340,702.png,0.8286304198210599,0.7074030552291422,0.7166666666666667,0.9820554649265906
341,2263.png,0.9699652228896618,0.941682013505218,0.9752066115702479,0.9647798742138365
342,479.png,0.8938356164383563,0.8080495356037152,0.8392282958199357,0.9560439560439561
343,2411.png,0.8198149156232988,0.6946494464944649,0.6946494464944649,1.0
344,3029.png,0.0,0.0,0.0,0.0
345,1539.png,0.9618143050978872,0.926437640029873,0.9579150579150579,0.9657454262358894
346,3001.png,0.5652323580034423,0.3939539347408829,0.3939539347408829,1.0
347,2503.png,0.9218436873747495,0.8550185873605948,0.9697821503865074,0.8784213876511776
348,2403.png,0.823731728288908,0.7002923976608187,0.711738484398217,0.9775510204081632
349,2429.png,0.7977369165487976,0.6635294117647059,0.6678507992895204,0.990342405618964
350,1795.png,0.8225419664268584,0.6985743380855397,0.7360515021459227,0.9320652173913043
351,2182.png,0.947442680776014,0.9001340482573726,0.9274861878453039,0.9682768565248738
352,1542.png,0.892176732873936,0.80534211489206,0.8429720413634623,0.9474817046922084
353,1520.png,0.7333333333333334,0.5789473684210527,0.8764940239043825,0.6303724928366762
354,246.png,0.8974358974358975,0.813953488372093,0.9516616314199395,0.8490566037735849
355,250.png,0.9249779346866726,0.8604269293924466,0.9307282415630551,0.9192982456140351
356,607.png,0.9393063583815029,0.885558583106267,0.9206798866855525,0.9587020648967551
357,2110.png,0.8235294117647058,0.7,0.7358490566037735,0.934931506849315
358,2665.png,0.8723027944817827,0.773525721455458,0.7893725992317542,0.974703557312253
359,1959.png,0.00997506234413965,0.005012531328320802,0.009615384615384616,0.010362694300518135
360,364.png,0.9299743808710504,0.8691141260973663,0.9268085106382978,0.9331619537275064
361,2737.png,0.7918622848200313,0.655440414507772,0.696969696969697,0.9166666666666666
362,162.png,0.9691629955947136,0.9401709401709402,0.9663250366032211,0.9720176730486009
363,2372.png,0.5471852053304324,0.37663796330962185,0.9580952380952381,0.3829463266082984
364,1475.png,0.8114754098360656,0.6827586206896552,0.908256880733945,0.7333333333333333
365,2216.png,0.7234285714285715,0.5666965085049239,0.5697569756975698,0.9906103286384976
366,873.png,0.8145933014354068,0.6871846619576185,0.7006172839506173,0.9728571428571429
367,1094.png,0.7215189873417721,0.5643564356435643,0.5816326530612245,0.95
368,3060.png,0.6525974025974027,0.4843373493975904,0.4995029821073559,0.9410112359550562
369,1638.png,0.9553299492385787,0.9144800777453839,0.9761410788381742,0.9353876739562624
370,1748.png,0.9137931034482758,0.8412698412698413,1.0,0.8412698412698413
371,947.png,0.8838219326818676,0.791828793774319,0.791828793774319,1.0
372,1374.png,0.8585209003215434,0.752112676056338,0.996268656716418,0.7542372881355932
373,1671.png,0.035398230088495575,0.018018018018018018,0.018018018018018018,1.0
374,2296.png,0.5977102250296091,0.42623873873873874,0.46989447548106766,0.8210412147505423
375,174.png,0.9434262948207173,0.8929110105580694,0.9214007782101167,0.966530612244898
376,1868.png,0.0,0.0,0.0,0.0
377,2867.png,0.9203598800399867,0.8524691358024692,0.9067629678266579,0.9343707713125846
378,1602.png,0.9606425702811244,0.9242658423493045,0.9568,0.964516129032258
379,1093.png,0.7316486161251504,0.5768500948766604,0.5823754789272031,0.9838187702265372
380,660.png,0.9749949176661923,0.9512098373661245,0.9696724625960372,0.9803761242845462
381,870.png,0.9548133595284872,0.9135338345864662,0.9364161849710982,0.9739478957915831
382,93.png,0.9036697247706421,0.8242677824267782,0.9106317411402157,0.8968133535660091
383,1141.png,0.9425981873111783,0.8914285714285715,0.9378757515030061,0.9473684210526315
384,1710.png,0.955928646379853,0.9155778894472362,0.9276985743380856,0.9859307359307359
385,1098.png,0.49360613810741694,0.32767402376910015,0.9601990049751243,0.33218588640275387
386,2771.png,0.8090466647580876,0.6793269230769231,0.8486486486486486,0.7729759299781181
387,1170.png,0.9800464037122971,0.9608735213830755,0.9652650822669104,0.9952874646559849
388,2159.png,0.10714285714285715,0.05660377358490566,0.05660377358490566,1.0
389,1793.png,0.7335640138408305,0.5792349726775956,0.5792349726775956,1.0
390,1500.png,0.965480043149946,0.9332638164754953,0.9802847754654983,0.9511158342189161
391,1907.png,0.9134840218238502,0.8407460545193687,0.8675055514433753,0.9646090534979423
392,2654.png,0.8282186948853615,0.7068031306441902,0.7068031306441902,1.0
393,2831.png,0.0,0.0,0.0,0.0
394,2173.png,0.0,0.0,0.0,0.0
395,894.png,0.8198757763975155,0.6947368421052632,0.7058823529411765,0.9777777777777777
396,1800.png,0.8354978354978355,0.7174721189591078,0.7174721189591078,1.0
397,1129.png,0.9420289855072463,0.8904109589041096,0.8904109589041096,1.0
398,621.png,0.8674033149171271,0.7658536585365854,0.7963768115942029,0.9523396880415944
399,1174.png,0.9633458646616541,0.929283771532185,0.9386446886446886,0.9893822393822393
400,3042.png,0.0,0.0,0.0,0.0
401,879.png,0.8334728033472804,0.7144906743185079,1.0,0.7144906743185079
402,3056.png,0.80703125,0.676489849377865,1.0,0.676489849377865
403,2827.png,0.9328537170263789,0.8741573033707866,0.9676616915422885,0.9004629629629629
404,91.png,0.5917602996254682,0.42021276595744683,0.42245989304812837,0.9875
405,145.png,0.9096026490066225,0.8341937443061038,0.9913388668350775,0.8403181401040073
406,1765.png,0.5734767025089607,0.4020100502512563,1.0,0.4020100502512563
407,2249.png,0.2549222797927461,0.14608076009501186,0.14608076009501186,1.0
408,2548.png,0.898664571877455,0.8159771754636234,0.8326055312954876,0.9761092150170648
409,2964.png,0.368976897689769,0.22622420072845,0.22640745240988255,0.9964349376114082
410,2486.png,0.8397844194022538,0.7238175675675675,0.7394305435720449,0.971655328798186
411,964.png,0.8631840796019901,0.7592997811816192,0.7660044150110376,0.9886039886039886
412,1316.png,0.924924924924925,0.8603351955307262,0.9221556886227545,0.927710843373494
413,954.png,0.9,0.8181818181818182,0.9529411764705882,0.8526315789473684
414,134.png,0.9797120418848168,0.9602309172546504,0.9842209072978304,0.9752442996742671
415,351.png,0.9719963866305329,0.945518453427065,0.962432915921288,0.9817518248175182
416,1873.png,0.9594095940959411,0.9219858156028369,0.9420289855072463,0.9774436090225563
417,1646.png,0.8791423001949318,0.7843478260869565,0.7926186291739895,0.986870897155361
418,629.png,0.7318022576878163,0.5770411295273173,0.5775729646697388,0.9984067976633032
419,2428.png,0.8546835443037974,0.7462422634836428,0.7555953446732319,0.9836829836829837
420,2473.png,0.8792977322604243,0.7845953002610966,1.0,0.7845953002610966
421,1846.png,0.8,0.6666666666666666,1.0,0.6666666666666666
422,1895.png,0.9365671641791045,0.8807017543859649,0.987411487018096,0.8907026259758695
423,2220.png,0.7203699196884887,0.5629516926588056,0.5826771653543307,0.9432759719566602
424,1282.png,0.7681895093062606,0.6236263736263736,0.6941896024464832,0.8598484848484849
425,2368.png,0.7997248968363135,0.6662846665138666,0.7135493372606775,0.9095744680851063
426,535.png,0.9670828603859251,0.9362637362637363,0.962059620596206,0.9721588315837517
427,140.png,0.964109781843772,0.9307065217391305,0.9607293127629734,0.9675141242937854
428,590.png,0.958225889633832,0.9198019801980198,0.936491935483871,0.9809926082365364
429,1296.png,0.6965452847805789,0.5343839541547278,0.5405797101449276,0.979002624671916
430,2920.png,0.940109658371995,0.8869876641464385,0.9550128534704371,0.9256644518272426
431,402.png,0.9836340746957616,0.967795210569777,0.9911205073995771,0.9762598917117867
432,472.png,0.9463667820069205,0.8981937602627258,0.9820466786355476,0.9131886477462438
433,2855.png,0.8494382022471911,0.73828125,0.75,0.9792746113989638
434,1515.png,0.878125,0.7827298050139275,0.8192419825072886,0.9461279461279462
435,1247.png,0.9694323144104804,0.940677966101695,0.9541547277936963,0.985207100591716
436,2450.png,0.8010156971375808,0.6680785521755872,0.707874337005304,0.9223817118553961
437,1333.png,0.8728246318607765,0.7743467933491687,0.7761904761904762,0.9969418960244648
438,1582.png,0.8925294888597642,0.8059171597633136,0.8491271820448878,0.9406077348066298
439,1897.png,0.9291698400609292,0.8677098150782361,0.9442724458204335,0.9145427286356822
440,967.png,0.8752642706131079,0.7781954887218046,0.8247011952191236,0.9324324324324325
441,971.png,0.9481132075471699,0.9013452914798207,0.9220183486238532,0.9757281553398058
442,2007.png,0.8278900984966304,0.7063246351172048,0.7925558312655087,0.8665219750406945
443,1684.png,0.8977777777777778,0.8145161290322581,0.9380804953560371,0.8607954545454546
444,189.png,0.9779411764705883,0.9568345323741008,0.9684466019417476,0.9876237623762376
445,36.png,0.8966986155484559,0.8127413127413128,0.8127413127413128,1.0
446,55.png,0.8581081081081082,0.7514792899408284,0.7673716012084593,0.9731800766283525
447,2898.png,0.9532934131736527,0.9107551487414187,0.9453681710213777,0.961352657004831
448,157.png,0.8509687034277198,0.7405966277561609,0.7572944297082228,0.9710884353741497
449,3004.png,0.0,0.0,0.0,0.0
450,1275.png,0.9125964010282777,0.8392434988179669,0.8897243107769424,0.9366754617414248
451,2343.png,0.9298105150787295,0.8688279301745636,0.8775818639798488,0.9886492622020431
452,434.png,0.9092140921409214,0.8335403726708075,1.0,0.8335403726708075
453,149.png,0.9595775673707211,0.9222961148057403,0.9802827380952381,0.9397289586305279
454,87.png,0.9763779527559056,0.9538461538461539,0.9624183006535948,0.990748528174937
455,2553.png,0.8663967611336032,0.7642857142857142,0.7642857142857142,1.0
456,1641.png,0.9042357274401472,0.8252100840336134,0.9460500963391136,0.8659611992945326
457,1943.png,0.8294573643410852,0.7086092715231788,0.8106060606060606,0.8492063492063492
458,2618.png,0.8191747572815534,0.6937307297019527,0.7169410515135423,0.9554140127388535
459,981.png,0.5693160813308689,0.3979328165374677,0.4057971014492754,0.9535603715170279
460,1729.png,0.89900426742532,0.8165374677002584,0.8572397422855205,0.9450467289719626
461,2911.png,0.802675585284281,0.6703910614525139,0.7153502235469449,0.9142857142857143
462,2250.png,0.4952015355086373,0.32908163265306123,0.3302047781569966,0.989769820971867
463,1271.png,0.38181818181818183,0.23595505617977527,0.23595505617977527,1.0
464,1630.png,0.9463792150359314,0.8982161594963274,0.9749430523917996,0.9194414607948442
465,1927.png,0.0,0.0,0.0,0.0
466,1103.png,0.3454545454545455,0.2087912087912088,0.2087912087912088,1.0
467,213.png,0.9564220183486238,0.9164835164835164,0.9559834938101788,0.9568609453877925
468,1656.png,0.9104859335038363,0.8356807511737089,0.9368421052631579,0.8855721393034826
469,2588.png,0.8245363766048501,0.7014563106796117,0.7048780487804878,0.993127147766323
470,2274.png,0.845606907059421,0.7325120985481742,0.7762237762237763,0.9286112660345789
471,849.png,0.9298195359495846,0.8688436830835118,0.9061976549413735,0.9547058823529412
472,2986.png,0.6472527472527473,0.4784727863525589,0.49247491638795987,0.9439102564102564
473,1588.png,0.3818040435458787,0.2359442575684767,0.2359442575684767,1.0
474,2688.png,0.0,0.0,0.0,0.0
475,1234.png,0.7937984496124031,0.6580976863753213,0.9846153846153847,0.6649350649350649
476,745.png,0.9171238810280103,0.8469333333333333,0.8785615491009682,0.959226819691936
477,387.png,0.9781269908685496,0.957190357439734,0.9926724137931034,0.9640016743407284
478,103.png,0.9179711959924858,0.8483796296296297,0.982573726541555,0.8613396004700352
479,1742.png,0.8525179856115108,0.7429467084639498,0.9793388429752066,0.7547770700636943
480,636.png,0.9872568745808182,0.9748344370860927,0.9945945945945946,0.9800266311584553
481,2763.png,0.7620953073845035,0.6156332647663826,0.6500155134967421,0.9208791208791208
482,1446.png,0.9439252336448598,0.8938053097345132,0.9960552268244576,0.8969804618117229
483,2342.png,0.9304997128087306,0.8700322234156821,0.9025069637883009,0.9602845287492591
484,2494.png,0.941991341991342,0.8903436988543372,0.9142857142857143,0.9714285714285714
485,2390.png,0.09856809856809856,0.05183887915936953,0.05183887915936953,1.0
486,2709.png,0.0,0.0,0.0,0.0
487,2604.png,0.7710444674250259,0.6273981824301582,0.932,0.6574955908289242
488,412.png,0.9692118226600984,0.94026284348865,0.9413875598086124,0.998730964467005
489,1097.png,0.753393665158371,0.604355716878403,0.9680232558139535,0.6166666666666667
490,1311.png,0.9167803547066848,0.8463476070528967,0.8626444159178434,0.9781659388646288
491,2081.png,0.7788461538461539,0.6377952755905512,0.9838056680161943,0.6445623342175066
492,132.png,0.9729493891797556,0.9473237043330501,0.9687228496959166,0.9772129710780018
493,186.png,0.12413793103448277,0.0661764705882353,0.06818181818181818,0.6923076923076923
494,1330.png,0.8951048951048951,0.810126582278481,0.920863309352518,0.8707482993197279
495,1523.png,0.8703703703703703,0.7704918032786885,0.9067524115755627,0.8367952522255193
496,2401.png,0.7748008689355538,0.6323877068557919,0.6353919239904988,0.9925788497217068
497,657.png,0.9537843268586739,0.911651728553137,0.9264801561483409,0.9827467218771566
498,29.png,0.9524886877828055,0.9092872570194385,0.9376391982182628,0.967816091954023
499,2579.png,0.7654609101516919,0.6200378071833649,0.6735112936344969,0.8864864864864865
500,2521.png,0.6116161616161615,0.44052382684612584,0.6144089294774226,0.608848667672197
501,640.png,0.9163636363636364,0.8456375838926175,0.8513513513513513,0.9921259842519685
502,2058.png,0.0,0.0,0.0,0.0
503,1981.png,0.8536986301369864,0.7447418738049714,0.9725343320848939,0.7607421875
504,2091.png,0.6950688905003627,0.5326479577660461,0.7358925143953935,0.6585365853658537
505,1204.png,0.9073359073359074,0.8303886925795053,0.9552845528455285,0.8639705882352942
506,2451.png,0.40682502509200397,0.25535489290214197,0.3833543505674653,0.4333570919458304
507,523.png,0.8730295213528232,0.7746693794506613,0.8192576654115116,0.9343558282208589
508,1393.png,0.9347536617842876,0.8775,0.9616438356164384,0.9093264248704663
509,301.png,0.9769838543455858,0.9550033579583613,0.9670180210812649,0.9871572370704617
510,1477.png,0.8989247311827957,0.81640625,0.9812206572769953,0.8293650793650794
511,2590.png,0.8127208480565371,0.6845238095238095,0.6845238095238095,1.0
512,1461.png,0.8137009189640768,0.6859154929577465,0.7867528271405493,0.842560553633218
513,1145.png,0.9598540145985401,0.9228070175438596,0.9443447037701975,0.9758812615955473
514,1312.png,0.9367909238249595,0.8810975609756098,0.9537953795379538,0.9203821656050956
515,763.png,0.8115942028985508,0.6829268292682927,0.6896551724137931,0.9859154929577465
516,2160.png,0.9256505576208178,0.8615916955017301,0.9222222222222223,0.9291044776119403
517,2468.png,0.8873239436619719,0.7974683544303798,0.8241279069767442,0.9610169491525423
518,2312.png,0.9191438763376932,0.8503850385038504,0.867564534231201,0.97724399494311
519,1707.png,0.940711462450593,0.8880597014925373,0.9425742574257425,0.9388560157790927
520,248.png,0.9481605351170569,0.9014308426073132,0.9387417218543046,0.9577702702702703
521,441.png,0.9573697408748956,0.9182255478353821,0.9673423423423423,0.9476006618863761
522,2853.png,0.8414558914250462,0.7263045793397231,0.7429193899782135,0.9701280227596017
523,793.png,0.7451855986603404,0.5938612099644128,0.5986547085201793,0.9866962305986696
524,716.png,0.7373346897253306,0.5839510151466323,0.6525027007562118,0.8475210477081384
525,896.png,0.6680716543730243,0.5015822784810127,0.5015822784810127,1.0
526,1251.png,0.9746835443037976,0.9506172839506173,0.9625,0.9871794871794872
527,1071.png,0.9356357927786499,0.8790560471976401,0.9030303030303031,0.9706840390879479
528,1714.png,0.6765432098765432,0.5111940298507462,0.5131086142322098,0.9927536231884058
529,2818.png,0.837719298245614,0.720754716981132,1.0,0.720754716981132
530,2230.png,0.0,0.0,0.0,0.0
531,1665.png,0.6845637583892618,0.5204081632653061,0.5204081632653061,1.0
532,2822.png,0.8990147783251232,0.8165548098434005,0.9383033419023136,0.8628841607565012
533,2854.png,0.23766816143497757,0.13486005089058525,0.16158536585365854,0.4491525423728814
534,2015.png,0.8555825242718446,0.7476139978791092,0.9880868955851436,0.7544141252006421
535,2685.png,0.8883928571428572,0.7991967871485943,0.8073022312373225,0.9875930521091811
536,1309.png,0.9260355029585798,0.8622589531680441,0.9873817034700315,0.871866295264624
537,589.png,0.8222543352601156,0.698159509202454,0.7050805452292441,0.9861351819757366
538,922.png,0.9778812572759022,0.9567198177676538,0.974477958236659,0.9813084112149533
539,2279.png,0.0,0.0,0.0,0.0
540,2415.png,0.0,0.0,0.0,0.0
541,1789.png,0.8148148148148148,0.6875,0.6875,1.0
542,1276.png,0.9823562891291976,0.9653243847874721,0.9773499433748585,0.9874141876430206
543,1991.png,0.7867556214479862,0.6484725050916497,0.9802955665024631,0.657036731324804
544,215.png,0.9046826717375801,0.8259548611111112,0.9118351701006229,0.8976415094339623
545,663.png,0.9766162310866575,0.9543010752688172,0.9543010752688172,1.0
546,2611.png,0.0,0.0,0.0,0.0
547,1149.png,0.9373297002724795,0.882051282051282,0.8888888888888888,0.9913544668587896
548,2660.png,0.9236198638769851,0.8580796252927401,0.9677760169043845,0.8833172613307618
549,251.png,0.948905109489051,0.9027777777777778,0.9523809523809523,0.9454545454545454
550,1231.png,0.8766519823788546,0.7803921568627451,0.8652173913043478,0.8883928571428571
551,2675.png,0.854417254251348,0.7458363504706734,0.7923076923076923,0.9270927092709271
552,1879.png,0.7703016241299304,0.6264150943396226,0.6840659340659341,0.8814159292035398
553,1345.png,0.8664850136239781,0.7644230769230769,0.7644230769230769,1.0
554,2164.png,0.9513067400275104,0.9071353620146905,0.9209054593874834,0.9837837837837838
555,2302.png,0.5669679539852095,0.3956422018348624,0.8414634146341463,0.4275092936802974
556,2630.png,0.5967837998808815,0.42529711375212226,0.42529711375212226,1.0
557,1067.png,0.7895247332686712,0.6522435897435898,0.8568421052631578,0.7320143884892086
558,1002.png,0.9444444444444445,0.8947368421052632,0.9022346368715084,0.99079754601227
559,308.png,0.9720483938256154,0.9456168831168831,0.9692179700499168,0.9748953974895398
560,324.png,0.819620253164557,0.6943699731903485,0.9700374531835206,0.7095890410958904
561,1235.png,0.8534107402031931,0.7443037974683544,0.9702970297029703,0.7616580310880829
562,153.png,0.9591836734693878,0.9215686274509803,0.9728331177231565,0.9459119496855346
563,1810.png,0.7636039250669044,0.6176046176046176,0.9953488372093023,0.6193921852387844
564,1401.png,0.8483685220729367,0.7366666666666667,0.8139963167587477,0.8857715430861723
565,1861.png,0.9076970254523153,0.8309938236945537,0.896969696969697,0.9186840471756673
566,2197.png,0.5870307167235495,0.41545893719806765,0.9942196531791907,0.41646489104116224
567,709.png,0.765008576329331,0.6194444444444445,0.6558823529411765,0.9176954732510288
568,2080.png,0.0,0.0,0.0,0.0
569,1768.png,0.9337938975244674,0.8758099352051836,0.9397450753186558,0.9279176201372997
570,353.png,0.7166361974405849,0.5584045584045584,0.5584045584045584,1.0
571,181.png,0.9749280723386765,0.9510825982357658,0.9842323651452282,0.9657980456026058
572,1801.png,0.9227053140096619,0.8565022421524664,0.8642533936651584,0.9896373056994818
573,865.png,0.2257720979765708,0.12725090036014405,0.12725090036014405,1.0
574,2378.png,0.789109947643979,0.6516776202006226,0.8874234573716439,0.7104072398190046
575,605.png,0.9518716577540106,0.9081632653061225,0.9354354354354354,0.968895800933126
576,2148.png,0.9309941520467836,0.8708971553610503,0.9386792452830188,0.9234338747099768
577,940.png,0.9243986254295533,0.8594249201277955,0.9835466179159049,0.8719611021069692
578,545.png,0.9703779366700716,0.9424603174603174,0.986159169550173,0.9550938337801609
579,217.png,0.7315521628498728,0.5767301905717152,0.7214554579673776,0.7419354838709677
580,980.png,0.0,0.0,0.0,0.0
581,888.png,0.7645384302562016,0.618828176431863,0.623342175066313,0.9884332281808622
582,407.png,0.9535962877030163,0.9113082039911308,0.9184357541899442,0.991556091676719
583,1566.png,0.874251497005988,0.776595744680851,0.7807486631016043,0.9931972789115646
584,2830.png,0.6555183946488294,0.48756218905472637,1.0,0.48756218905472637
585,1841.png,0.0,0.0,0.0,0.0
586,2790.png,0.7317689530685921,0.5769997153430116,0.5831415420023015,0.9820736434108527
587,2847.png,0.8144632768361583,0.6869996187571483,0.8680154142581888,0.767134951042997
588,1084.png,0.9210174029451138,0.8535980148883374,0.9913544668587896,0.86
589,1723.png,0.9035714285714286,0.8241042345276873,0.9806201550387597,0.8377483443708609
590,2454.png,0.8386678200692043,0.7221601489757914,0.7275797373358349,0.9897907095456866
591,1611.png,0.9052504526252263,0.8269018743109151,0.9445843828715366,0.8690614136732329
592,1363.png,0.9597826086956521,0.922675026123302,0.9353813559322034,0.9854910714285714
593,2717.png,0.8588450962419797,0.7526104417670683,0.9989339019189766,0.7532154340836013
594,33.png,0.8507614213197969,0.7402826855123675,0.7495527728085868,0.9835680751173709
595,2496.png,0.0,0.0,0.0,0.0
596,2169.png,0.6962457337883958,0.5340314136125655,0.5714285714285714,0.8908296943231441
597,2222.png,0.6686746987951807,0.502262443438914,0.5595463137996219,0.8306828811973808
598,1146.png,0.9746835443037974,0.9506172839506173,0.9729241877256317,0.9764492753623188
599,1893.png,0.6529411764705882,0.4847161572052402,0.7861189801699717,0.5583501006036218
600,2499.png,0.26989619377162627,0.156,0.1566265060240964,0.975
601,1236.png,0.7822222222222222,0.6423357664233577,0.9496402877697842,0.6649874055415617
602,1250.png,0.9508804448563485,0.9063604240282686,0.9624765478424016,0.9395604395604396
603,2923.png,0.8914285714285715,0.8041237113402062,0.9948979591836735,0.8074534161490683
604,1591.png,0.9196217494089834,0.8512035010940919,0.9088785046728972,0.930622009569378
605,1894.png,0.7785817655571634,0.6374407582938388,0.7163781624500666,0.8526148969889065
606,107.png,0.9502660189683091,0.9052446011458792,0.9884504331087585,0.9149220489977729
607,1675.png,0.8045540796963947,0.6730158730158731,0.8617886178861789,0.7544483985765125
608,429.png,0.9740791268758526,0.949468085106383,0.9545454545454546,0.9944289693593314
609,344.png,0.9564870259481039,0.9166029074215761,0.9403453689167975,0.9731925264012997
610,2667.png,0.88272157564906,0.7900641025641025,0.7973045822102426,0.9886363636363636
611,367.png,0.9706959706959707,0.9430604982206405,0.9742647058823529,0.9671532846715328
